-- PostgreSQL 버전

-- 초기화
DROP SCHEMA IF EXISTS codeit CASCADE;

CREATE SCHEMA codeit;
SET search_path TO codeit;
COMMIT;

--------------------------------------------------------
--  DDL for Table DEPARTMENT
--------------------------------------------------------
CREATE TABLE department
(
    dept_id     CHAR(3) PRIMARY KEY,
    dept_title  VARCHAR(40) NOT NULL,
    location_id CHAR(3)     NOT NULL default 'L1'
);

COMMENT ON TABLE department IS '부서';
COMMENT ON COLUMN department.dept_id    IS '부서코드';
COMMENT ON COLUMN department.dept_title IS '부서명';
COMMENT ON COLUMN department.location_id IS '지역코드';

INSERT INTO department (dept_id, dept_title, location_id) VALUES
('D1','인사관리부','L1'),
('D2','회계관리부','L1'),
('D3','마케팅부','L1'),
('D4','국내영업부','L1'),
('D5','해외영업1부','L2'),
('D6','해외영업2부','L3'),
('D7','해외영업3부','L4'),
('D8','기술지원부','L5'),
('D9','총무부','L1'),
('D0','개발부','L1');


SELECT * FROM department;

--------------------------------------------------------
--  DDL for Table EMPLOYEE
--------------------------------------------------------
CREATE TABLE employee
(
    emp_id     INT PRIMARY KEY GENERATED BY DEFAULT AS IDENTITY, -- 명시값 INSERT 허용
    emp_name   VARCHAR(20)   NOT NULL,
    emp_no     CHAR(14)      NOT NULL,
    email      VARCHAR(25)   NOT NULL,
    phone      VARCHAR(12),
    dept_code  CHAR(2),
    job_code   CHAR(2),
    sal_level  CHAR(2),
    salary     INT,
    bonus      DOUBLE PRECISION,
    manager_id VARCHAR(3),
    hire_date  DATE,
    ent_date   DATE,
    ent_yn     CHAR(1)       DEFAULT 'N'
);

COMMENT ON TABLE employee IS '사원';
COMMENT ON COLUMN employee.emp_id     IS '사원번호';
COMMENT ON COLUMN employee.emp_name   IS '직원명';
COMMENT ON COLUMN employee.emp_no     IS '주민등록번호';
COMMENT ON COLUMN employee.email      IS '이메일';
COMMENT ON COLUMN employee.phone      IS '전화번호';
COMMENT ON COLUMN employee.dept_code  IS '부서코드';
COMMENT ON COLUMN employee.job_code   IS '직급코드';
COMMENT ON COLUMN employee.sal_level  IS '급여등급';
COMMENT ON COLUMN employee.salary     IS '급여';
COMMENT ON COLUMN employee.bonus      IS '보너스율';
COMMENT ON COLUMN employee.manager_id IS '관리자사번';
COMMENT ON COLUMN employee.hire_date  IS '입사일';
COMMENT ON COLUMN employee.ent_date   IS '퇴사일';
COMMENT ON COLUMN employee.ent_yn     IS '재직여부';

-- 데이터 입력 (원본 유지, 2자리 연도는 4자리로 보정)
INSERT INTO employee (emp_id,emp_name,emp_no,email,phone,dept_code,job_code,sal_level,salary,bonus,manager_id,hire_date,ent_date,ent_yn) VALUES
(200,'성동일','751223-1985634','sun_di@codeit.com','01099546325','D9','J1','S1',8000000,0.3,null,'2000-02-06',null,'N'),
(201,'송중기','731110-1548654','song_jk@codeit.com','01045686656','D9','J2','S1',6000000,null,'200','2011-09-01',null,'N'),
(202,'노홍철','961015-1356452','no_hc@codeit.com','01066656263','D9','J2','S4',3700000,null,'201','2001-01-01',null,'N'),
(203,'송은희','791010-2653546','song_eh@codeit.com','01077607879','D6','J4','S5',2800000,null,'204','2006-05-03',null,'N'),
(204,'유재석','860508-1342154','yoo_js@codeit.com','01099999129','D6','J3','S4',3400000,0.2,'200','2000-12-29',null,'N'),
(205,'정중하','770102-1357951','jung_jh@codeit.com','01036654875','D6','J3','S4',3900000,null,'204','2009-09-09',null,'N'),
(206,'박나래','830709-2054321','pack_nr@codeit.com','01096935222','D5','J7','S6',1800000,null,'207','2018-04-02',null,'N'),
(207,'아이유','990402-2040612','ha_iy@codeit.com','01036654488','D5','J5','S5',2200000,0.1,'200','2004-07-07',null,'N'),
(208,'송혜교','970927-1313564','son_hk@codeit.com','01078634444','D5','J5','S5',2500000,null,'207','2014-04-30',null,'N'),
(209,'신봉선','850206-1325546','sim_bs@codeit.com','0113654485','D5','J3','S4',3500000,0.15,'207','2021-11-11',null,'N'),
(210,'윤은혜','850505-2356985','youn_eh@codeit.com','0179964233','D5','J7','S5',2000000,null,'207','2011-02-03',null,'N'),
(211,'정형돈','930807-1121321','jun_hd@codeit.com','01044432222','D8','J6','S5',2000000,null,'200','2021-12-12',null,'N'),
(212,'장쯔위','880923-2234542','jang_zw@codeit.com','01066682224','D8','J6','S5',2550000,0.25,'211','2015-06-17',null,'N'),
(213,'하동훈','821111-1785463','ha_dh@codeit.com','01158456632',null,'J6','S5',2320000,0.1,null,'2009-12-31',null,'N'),
(214,'박명수','751012-1313513','bang_ms@codeit.com','01074127545','D1','J7','S6',1380000,null,'200','2020-04-04',null,'N'),
(215,'대북혼','781130-1050911','dae_bh@codeit.com','01088808584','D5','J5','S4',3760000,null,null,'2017-06-19',null,'N'),
(216,'차태현','870808-1364897','cha_ty@codeit.com','01064643212','D1','J6','S5',2780000,0.2,'214','2013-03-01',null,'N'),
(217,'전지현','970801-2665412','jun_jy@codeit.com','01033624442','D1','J6','S4',3660000,0.3,'214','2007-03-20',null,'N'),
(218,'이효리','870427-2232123','lee_or@codeit.com','01022306545',null,'J7','S5',2890000,null,null,'2016-11-28',null,'N'),
(219,'임시환','860712-1212123','im_sw@codeit.com',null,'D2','J4','S6',1550000,null,null,'2019-09-09',null,'N'),
(220,'이중석','870823-1113111','lee_js@codeit.com',null,'D2','J4','S5',2490000,null,null,'2014-09-18',null,'N'),
(221,'유해진','900808-1123341','yoo_hj@codeit.com',null,'D2','J4','S5',2480000,null,null,'2004-01-20',null,'N'),
(222,'이태림','760918-2854697','lee_tr@codeit.com','01033000002','D8','J6','S5',2436240,0.35,'100','1997-09-12','2017-09-12','Y'),
(223,'하명수','940312-1234567','ha_ms@codeit.com','01071234567','D4','J5','S5',3050000,0.10,'214','2018-08-01',NULL,'N'),
(224,'진명수','980715-1456789','jin_ms@codeit.com','01073456789','D4','J6','S4',3350000,NULL,'214','2020-03-16',NULL,'N'),
(225,'김동훈','920921-1239876','kim_dh@codeit.com','01069874512','D3','J6','S5',2760000,0.20,'200','2017-11-20',NULL,'N'),
(226,'임동훈','010405-3123456','lim_dh@codeit.com','01066778899','D3','J7','S6',2100000,NULL,'225','2024-07-01',NULL,'N'),
(227,'안유진','030901-4234567','an_yj@codeit.com','01090001234','D8','J7','S6',2300000,NULL,'211','2025-01-15',NULL,'N'),
(228,'장원영','040831-4456789','jang_wy@codeit.com','01095551234','D5','J7','S6',2180000,0.05,'207','2024-09-02',NULL,'N'),
(229,'김지수','990103-2234567','kim_js@codeit.com','01092110001','D9','J7','S6',2080000,NULL,'201','2023-12-18',NULL,'N'),
(230,'박채영','970211-2456123','park_cy@codeit.com','01093330002','D2','J6','S5',2460000,0.05,'220','2024-02-19',NULL,'N'),
(231,'김태리','900424-2237890','kim_tr@codeit.com','01094440003','D1','J6','S5',2570000,0.10,'214','2025-03-04',NULL,'N'),
(232,'이지은','930516-2456345','lee_je@codeit.com','01081110004','D6','J7','S6',2090000,0.05,'204','2024-06-10',NULL,'N'),
(233,'손예진','820111-2456456','son_yj@codeit.com','01082220005','D6','J6','S5',2480000,NULL,'204','2024-06-10',NULL,'N'),
(234,'박보검','930616-2456567','park_bg@codeit.com','01083330006','D7','J7','S6',2150000,NULL,'207','2024-10-21','2024-12-31','Y'),
(235,'김다미','950404-2456678','kim_dm@codeit.com','01084440007','D7','J6','S5',2520000,0.10,'207','2025-02-10','2025-06-30','Y'),
(236,'이도현','950411-2456781','lee_dh@codeit.com','01085550008','D8','J7','S6',2080000,NULL,'211','2025-04-01',NULL,'N'),
(237,'김채원','000419-4234561','kim_cw@codeit.com','01087778888','D5','J6','S5',2600000,0.15,'207','2023-09-01',NULL,'N'),
(238,'허윤진','010810-4234672','heo_yj@codeit.com','01086667777','D5','J6','S5',2700000,NULL,'207','2024-03-11',NULL,'N'),
(239,'홍은채','060111-4456792','hong_ec@codeit.com','01089990000','D9','J7','S6',2140000,NULL,'201','2025-05-06',NULL,'N');

SELECT * FROM employee;

--------------------------------------------------------
--  DDL for Table JOB
--------------------------------------------------------
CREATE TABLE job
(
    job_code CHAR(2) PRIMARY KEY,
    job_name VARCHAR(35)
);
COMMENT ON TABLE job IS '직급';
COMMENT ON COLUMN job.job_code IS '직급코드';
COMMENT ON COLUMN job.job_name IS '직급명';

INSERT INTO job (job_code, job_name) VALUES
('J1','대표'),
('J2','부사장'),
('J3','부장'),
('J4','차장'),
('J5','과장'),
('J6','대리'),
('J7','사원');

--------------------------------------------------------
--  DDL for Table LOCATION
--------------------------------------------------------
CREATE TABLE location
(
    local_code    CHAR(2) PRIMARY KEY,
    national_code CHAR(2),
    local_name    VARCHAR(40)
);
COMMENT ON TABLE location IS '지역';
COMMENT ON COLUMN location.local_code    IS '지역코드';
COMMENT ON COLUMN location.national_code IS '국가코드';

INSERT INTO location (local_code, national_code, local_name) VALUES
('L1','KO','ASIA1'),
('L2','JP','ASIA2'),
('L3','CH','ASIA3'),
('L4','US','AMERICA'),
('L5','RU','EU');

--------------------------------------------------------
--  DDL for Table NATIONAL
--------------------------------------------------------
CREATE TABLE national
(
    national_code CHAR(2) PRIMARY KEY,
    national_name VARCHAR(35)
);
COMMENT ON TABLE national IS '국가';
COMMENT ON COLUMN national.national_code IS '국가코드';
COMMENT ON COLUMN national.national_name IS '국가명';

INSERT INTO national (national_code, national_name) VALUES
('KO','한국'),
('JP','일본'),
('CH','중국'),
('US','미국'),
('RU','러시아');

-- SELECT * FROM national;

--------------------------------------------------------
--  DDL for Table SAL_GRADE
--------------------------------------------------------
CREATE TABLE sal_grade
(
    sal_level CHAR(2),
    min_sal   INT,
    max_sal   INT
);
COMMENT ON TABLE sal_grade IS '급여등급';

INSERT INTO sal_grade (sal_level, min_sal, max_sal) VALUES
('S1',6000000,10000000),
('S2',6000000, 6999999),
('S3',5000000, 5999999),
('S4',4000000, 4999999),
('S5',3000000, 3999999),
('S6',2000000, 2999999);

SELECT * FROM sal_grade;

COMMIT;
